{"cameraMode":{"drawMode":0,"name":"Shaded","section":"Shading Mode"},"sceneLighting":false,"audioPlay":false,"sceneViewState":{"showFog":true,"showMaterialUpdate":false,"showSkybox":false,"showFlares":true,"showImageEffects":true,"showParticleSystems":true},"in2DMode":false,"pivot":{"x":0.5282535552978516,"y":0.06206813454627991,"z":0.002480149269104004},"rotation":{"x":-0.026246752589941026,"y":-0.9620417952537537,"z":0.09993702173233032,"w":-0.252623587846756},"size":3.8326032161712648,"orthographic":false}